CREATE DATABASE loan_system;
USE loan_system;

CREATE TABLE Customers (
    CustomerID INT PRIMARY KEY,
    Name VARCHAR(50),
    Age INT CHECK (Age >= 18),
    Income DECIMAL(10, 2)
);

CREATE TABLE CreditHistory (
    HistoryID INT PRIMARY KEY,
    CustomerID INT,
    CreditScore INT,
    FOREIGN KEY (CustomerID) REFERENCES Customers(CustomerID)
);

CREATE TABLE LoanApplications (
    LoanID INT PRIMARY KEY,
    CustomerID INT,
    LoanAmount DECIMAL(10,2),
    Status VARCHAR(20),
    FOREIGN KEY (CustomerID) REFERENCES Customers(CustomerID)
);

INSERT INTO Customers (CustomerID, Name, Age, Income) VALUES
(1, 'Amit Sharma', 28, 520000.00),
(2, 'Neha Mehta', 34, 740000.00),
(3, 'Ravi Joshi', 45, 880000.00),
(4, 'Priya Nair', 22, 390000.00),
(5, 'Karan Patel', 31, 610000.00),
(6, 'Sneha Kulkarni', 27, 460000.00),
(7, 'Manish Gupta', 38, 770000.00),
(8, 'Divya Rao', 25, 420000.00),
(9, 'Vikas Verma', 50, 950000.00),
(10, 'Anjali Thakur', 29, 530000.00),
(11, 'Rohan Deshmukh', 26, 480000.00),
(12, 'Meera Sinha', 40, 820000.00),
(13, 'Rahul Jain', 35, 690000.00),
(14, 'Shweta Dubey', 21, 370000.00),
(15, 'Siddharth Pillai', 42, 910000.00),
(16, 'Tanya Saxena', 23, 410000.00),
(17, 'Arjun Bhatt', 30, 600000.00),
(18, 'Nidhi Kulkarni', 28, 540000.00),
(19, 'Sameer Chavan', 33, 660000.00),
(20, 'Isha Reddy', 24, 400000.00),
(21, 'Harsh Joshi', 36, 730000.00),
(22, 'Pooja Aggarwal', 39, 800000.00),
(23, 'Yash Naik', 22, 390000.00),
(24, 'Ritika Kaur', 31, 620000.00),
(25, 'Nikhil Bansal', 29, 550000.00),
(26, 'Deepika Sen', 26, 470000.00),
(27, 'Aditya Dey', 37, 750000.00),
(28, 'Kavita Mohan', 43, 870000.00),
(29, 'Abhay Malhotra', 32, 640000.00),
(30, 'Smita Iyer', 21, 360000.00),
(31, 'Ankur Tiwari', 44, 890000.00),
(32, 'Madhuri Bhagat', 27, 490000.00),
(33, 'Vivek Raina', 41, 840000.00),
(34, 'Komal Pawar', 25, 430000.00),
(35, 'Dhruv Rawat', 30, 610000.00),
(36, 'Roshni Vyas', 23, 390000.00),
(37, 'Ashwin Kulkarni', 48, 920000.00),
(38, 'Namrata Shah', 35, 700000.00),
(39, 'Mohit Kapoor', 28, 560000.00),
(40, 'Bhavna Tripathi', 33, 680000.00);

INSERT INTO CreditHistory (HistoryID, CustomerID, CreditScore) VALUES
(101, 5, 720),
(102, 11, 685),
(103, 19, 760),
(104, 1, 780),
(105, 29, 740),
(106, 15, 810),
(107, 6, 665),
(108, 21, 755),
(109, 27, 785),
(110, 33, 795),
(111, 3, 805),
(112, 22, 790),
(113, 38, 770),
(114, 10, 740),
(115, 25, 745),
(116, 37, 835),
(117, 14, 675),
(118, 32, 705),
(119, 2, 750),
(120, 12, 800),
(121, 34, 715),
(122, 8, 710),
(123, 36, 690),
(124, 26, 670),
(125, 17, 725),
(126, 31, 820),
(127, 24, 730),
(128, 28, 810),
(129, 9, 825),
(130, 40, 765),
(131, 20, 695),
(132, 30, 660),
(133, 23, 680),
(134, 16, 700),
(135, 7, 795),
(136, 35, 725),
(137, 18, 735),
(138, 13, 765),
(139, 39, 750),
(140, 4, 690);

INSERT INTO LoanApplications (LoanID, CustomerID, LoanAmount, Status) VALUES
(201, 1, 250000.00, 'Approved'),
(202, 2, 300000.00, 'Rejected'),
(203, 3, 500000.00, 'Approved'),
(204, 4, 180000.00, 'Pending'),
(205, 5, 220000.00, 'Approved'),
(206, 6, 275000.00, 'Rejected'),
(207, 7, 420000.00, 'Approved'),
(208, 8, 195000.00, 'Pending'),
(209, 9, 600000.00, 'Approved'),
(210, 10, 330000.00, 'Rejected'),
(211, 11, 260000.00, 'Approved'),
(212, 12, 470000.00, 'Approved'),
(213, 13, 380000.00, 'Pending'),
(214, 14, 150000.00, 'Rejected'),
(215, 15, 510000.00, 'Approved'),
(216, 16, 200000.00, 'Pending'),
(217, 17, 345000.00, 'Approved'),
(218, 18, 295000.00, 'Rejected'),
(219, 19, 400000.00, 'Approved'),
(220, 20, 180000.00, 'Pending'),
(221, 21, 360000.00, 'Approved'),
(222, 22, 430000.00, 'Approved'),
(223, 23, 170000.00, 'Rejected'),
(224, 24, 310000.00, 'Approved'),
(225, 25, 290000.00, 'Pending'),
(226, 26, 240000.00, 'Rejected'),
(227, 27, 455000.00, 'Approved'),
(228, 28, 495000.00, 'Approved'),
(229, 29, 320000.00, 'Pending'),
(230, 30, 155000.00, 'Rejected'),
(231, 31, 520000.00, 'Approved'),
(232, 32, 210000.00, 'Pending'),
(233, 33, 440000.00, 'Approved'),
(234, 34, 225000.00, 'Rejected'),
(235, 35, 335000.00, 'Approved'),
(236, 36, 185000.00, 'Pending'),
(237, 37, 590000.00, 'Approved'),
(238, 38, 375000.00, 'Approved'),
(239, 39, 305000.00, 'Rejected'),
(240, 40, 410000.00, 'Approved');





