-- datasets

INSERT INTO Customers (CustomerID, Name, Age, Income) VALUES
(1, 'Amit Sharma', 28, 520000.00),
(2, 'Neha Mehta', 34, 740000.00),
(3, 'Ravi Joshi', 45, 880000.00),
(4, 'Priya Nair', 22, 390000.00),
(5, 'Karan Patel', 31, 610000.00),
(6, 'Sneha Kulkarni', 27, 460000.00),
(7, 'Manish Gupta', 38, 770000.00),
(8, 'Divya Rao', 25, 420000.00),
(9, 'Vikas Verma', 50, 950000.00),
(10, 'Anjali Thakur', 29, 530000.00),
(11, 'Rohan Deshmukh', 26, 480000.00),
(12, 'Meera Sinha', 40, 820000.00),
(13, 'Rahul Jain', 35, 690000.00),
(14, 'Shweta Dubey', 21, 370000.00),
(15, 'Siddharth Pillai', 42, 910000.00),
(16, 'Tanya Saxena', 23, 410000.00),
(17, 'Arjun Bhatt', 30, 600000.00),
(18, 'Nidhi Kulkarni', 28, 540000.00),
(19, 'Sameer Chavan', 33, 660000.00),
(20, 'Isha Reddy', 24, 400000.00),
(21, 'Harsh Joshi', 36, 730000.00),
(22, 'Pooja Aggarwal', 39, 800000.00),
(23, 'Yash Naik', 22, 390000.00),
(24, 'Ritika Kaur', 31, 620000.00),
(25, 'Nikhil Bansal', 29, 550000.00),
(26, 'Deepika Sen', 26, 470000.00),
(27, 'Aditya Dey', 37, 750000.00),
(28, 'Kavita Mohan', 43, 870000.00),
(29, 'Abhay Malhotra', 32, 640000.00),
(30, 'Smita Iyer', 21, 360000.00),
(31, 'Ankur Tiwari', 44, 890000.00),
(32, 'Madhuri Bhagat', 27, 490000.00),
(33, 'Vivek Raina', 41, 840000.00),
(34, 'Komal Pawar', 25, 430000.00),
(35, 'Dhruv Rawat', 30, 610000.00),
(36, 'Roshni Vyas', 23, 390000.00),
(37, 'Ashwin Kulkarni', 48, 920000.00),
(38, 'Namrata Shah', 35, 700000.00),
(39, 'Mohit Kapoor', 28, 560000.00),
(40, 'Bhavna Tripathi', 33, 680000.00);


INSERT INTO CreditHistory (HistoryID, CustomerID, CreditScore) VALUES
(101, 5, 720),
(102, 11, 685),
(103, 19, 760),
(104, 1, 780),
(105, 29, 740),
(106, 15, 810),
(107, 6, 665),
(108, 21, 755),
(109, 27, 785),
(110, 33, 795),
(111, 3, 805),
(112, 22, 790),
(113, 38, 770),
(114, 10, 740),
(115, 25, 745),
(116, 37, 835),
(117, 14, 675),
(118, 32, 705),
(119, 2, 750),
(120, 12, 800),
(121, 34, 715),
(122, 8, 710),
(123, 36, 690),
(124, 26, 670),
(125, 17, 725),
(126, 31, 820),
(127, 24, 730),
(128, 28, 810),
(129, 9, 825),
(130, 40, 765),
(131, 20, 695),
(132, 30, 660),
(133, 23, 680),
(134, 16, 700),
(135, 7, 795),
(136, 35, 725),
(137, 18, 735),
(138, 13, 765),
(139, 39, 750),
(140, 4, 690);


INSERT INTO LoanApplications (LoanID, CustomerID, LoanAmount) VALUES
(1, 1, 15000.00),
(2, 2, 85000.00),
(3, 3, 32000.00),
(4, 4, 45000.00),
(5, 5, 98000.00),
(6, 6, 37000.00),
(7, 7, 22000.00),
(8, 8, 76000.00),
(9, 9, 54000.00),
(10, 10, 67000.00),
(11, 11, 26000.00),
(12, 12, 88000.00),
(13, 13, 43000.00),
(14, 14, 51000.00),
(15, 15, 29000.00),
(16, 16, 72000.00),
(17, 17, 83000.00),
(18, 18, 34000.00),
(19, 19, 60000.00),
(20, 20, 20000.00),
(21, 21, 39000.00),
(22, 22, 75000.00),
(23, 23, 47000.00),
(24, 24, 61000.00),
(25, 25, 18000.00),
(26, 26, 94000.00),
(27, 27, 33000.00),
(28, 28, 56000.00),
(29, 29, 68000.00),
(30, 30, 25000.00),
(31, 31, 99000.00),
(32, 32, 38000.00),
(33, 33, 44000.00),
(34, 34, 52000.00),
(35, 35, 30000.00),
(36, 36, 81000.00),
(37, 37, 58000.00),
(38, 38, 27000.00),
(39, 39, 62000.00),
(40, 40, 35000.00);

